gene	n_primary	n_recurrent	n_either	recurrent_only
PRSS1	9	11	12	3
PRSS2	8	10	11	3
MTCH2	5	9	13	8
MUC6	8	9	9	1
LILRA2	7	9	9	2
LILRB1	8	9	9	1
ZDHHC11	5	7	8	3
KRTAP29-1	7	7	7	0
OR2J1	7	6	7	0
NF1	5	6	7	2
HCG22	6	6	7	1
DNAJC28	5	6	7	2
LGALS9C	4	6	6	2
ANAPC1	5	5	8	3
OR2T35	4	5	6	2
ANKRD36C	3	5	6	3
TRPM1	3	5	5	2
TAS2R31	4	5	5	1
SLC9B1P4	3	4	7	4
PTEN	5	4	6	1
SLC9B1	5	4	6	1
KRTAP4-8	6	4	6	0
CLPS	1	4	5	4
OVOS2	4	4	5	1
ADPRHL1	2	4	5	3
PRKRA	2	4	4	2
IGHV2-5	1	4	4	3
PABPC3	7	3	9	2
TMEM145	1	3	4	3
CCL4L2	3	3	4	1
CCHCR1	3	3	4	1
HLA-DRA	4	3	4	0
PSPH	2	3	3	1
SETD2	3	3	3	0
ZNF638	2	3	3	1
CNOT1	1	3	3	2
CHD6	0	3	3	3
C6orf10	2	3	3	1
IFI27	0	3	3	3
PRDM15	3	3	3	0
CDC27	5	2	6	1
IFT81	3	2	4	1
ABCC1	3	2	4	1
RB1	4	2	4	0
CFTR	1	2	3	2
AP1M1	2	2	3	1
SYCP2L	1	2	3	2
TBC1D22A	2	2	3	1
MICA	2	2	3	1
CAPN11	1	2	3	2
NEB	1	2	3	2
CYP2D6	2	2	3	1
DNAH2	1	2	3	2
TAS2R46	3	2	3	0
L3MBTL4	0	2	2	2
ATP6V1E1	0	2	2	2
COL12A1	0	2	2	2
ARID2	1	2	2	1
RPL5	0	2	2	2
PRMT5	1	2	2	1
BRD7	0	2	2	2
ATL3	0	2	2	2
USP24	0	2	2	2
SULT1C3	0	2	2	2
SLC34A2	0	2	2	2
MMS22L	0	2	2	2
SEC16A	1	2	2	1
FAT3	0	2	2	2
MFGE8	0	2	2	2
CCDC144CP	0	2	2	2
ACACA	0	2	2	2
UTP18	0	2	2	2
TEX14	0	2	2	2
BRIP1	1	2	2	1
ZNF541	0	2	2	2
SYCP2	1	2	2	1
SMARCA1	0	2	2	2
AFF1	1	2	2	1
AKAP6	0	2	2	2
ACE	0	2	2	2
PRAMEF4	0	2	2	2
CSMD2	0	2	2	2
MBD5	0	2	2	2
ACOX3	0	2	2	2
KIAA1109	0	2	2	2
MOG	2	2	2	0
CEP85L	1	2	2	1
MAP3K5	0	2	2	2
STK31	0	2	2	2
MALRD1	0	2	2	2
SPTBN2	1	2	2	1
VEZT	0	2	2	2
NEO1	0	2	2	2
ORMDL3	0	2	2	2
RYR1	0	2	2	2
HSPG2	0	2	2	2
BLZF1	0	2	2	2
OR2T4	1	2	2	1
PRPF40B	0	2	2	2
CDC25B	0	2	2	2
KIAA1324L	0	2	2	2
KRTAP4-7	1	2	2	1
TCP10	0	2	2	2
MUC3A	1	2	2	1
ZNF7	0	2	2	2
NDRG4	0	2	2	2
MAST3	0	2	2	2
NRK	0	2	2	2
HLA-DPB1	2	2	2	0
RNH1	2	2	2	0
PSMD2	0	2	2	2
GOLIM4	0	2	2	2
CRIPAK	1	2	2	1
SYNJ2	0	2	2	2
MINK1	0	2	2	2
ITCH	0	2	2	2
DSP	0	2	2	2
DLC1	1	2	2	1
GLOD4	4	1	5	1
RP11-154J22.1	4	1	4	0
SKA3	3	1	3	0
AGAP3	3	1	3	0
SIRPB1	2	1	3	1
HOXB7	2	1	3	1
POLR2F	1	1	2	1
MUC12	1	1	2	1
B4GALNT1	1	1	2	1
HECTD4	1	1	2	1
TP53	1	1	2	1
SPATA21	1	1	2	1
AC016577.1	1	1	2	1
EP400	1	1	2	1
PRSS3	1	1	2	1
WIPI1	1	1	2	1
SMARCA4	1	1	2	1
SPOCD1	1	1	2	1
CACNA1D	1	1	2	1
OPA1	1	1	2	1
SLC8A3	1	1	2	1
ARPP19	1	1	2	1
C18orf25	1	1	2	1
PDZD4	2	1	2	0
TLL1	1	1	2	1
KIF15	1	1	2	1
ADAMTS14	1	1	2	1
MUC5B	1	1	2	1
DIABLO	1	1	2	1
SCAPER	1	1	2	1
MTOR	1	1	2	1
SEMA4C	1	1	2	1
NSMCE1	1	1	2	1
MYH1	1	1	2	1
TTN	1	1	2	1
PLEKHA5	1	1	2	1
ZNF93	1	1	2	1
DNAH14	1	1	2	1
FMNL2	1	1	2	1
NEK2	1	1	2	1
DNAH8	1	1	2	1
NCOR1	1	1	2	1
SVIL	1	1	2	1
IQGAP2	1	1	2	1
ADGRF1	1	1	2	1
PIBF1	1	1	2	1
CNDP1	2	1	2	0
SZT2	1	1	2	1
LAPTM4B	1	1	2	1
AGBL2	1	1	2	1
IQCE	1	1	2	1
SSPO	1	1	2	1
FOCAD	1	1	2	1
CC2D2B	1	1	2	1
SYNE2	1	1	2	1
FOXO3	1	1	2	1
TPTE2	2	1	2	0
HLA-DRB1	2	1	2	0
VCAM1	0	1	1	1
HMCN1	0	1	1	1
ITGA4	1	1	1	0
TNFAIP3	1	1	1	0
BRAT1	1	1	1	0
ABCB4	0	1	1	1
MICAL2	0	1	1	1
ZC3H12C	0	1	1	1
UPK2	0	1	1	1
TCHP	1	1	1	0
EIF5	0	1	1	1
SLC38A5	1	1	1	0
YOD1	0	1	1	1
KALRN	0	1	1	1
GVQW1	0	1	1	1
NOL6	0	1	1	1
TPH2	1	1	1	0
MEIS2	1	1	1	0
SNX22	0	1	1	1
NDUFV2	0	1	1	1
MAP4K1	0	1	1	1
SLC23A2	1	1	1	0
COL6A1	0	1	1	1
ACRC	0	1	1	1
HEYL	0	1	1	1
DGKD	0	1	1	1
SLC25A46	0	1	1	1
RARS2	0	1	1	1
TMEM248	0	1	1	1
TRIM5	0	1	1	1
OR10G4	0	1	1	1
DSC2	0	1	1	1
ARAF	0	1	1	1
SLU7	0	1	1	1
SGK1	0	1	1	1
DGKB	0	1	1	1
PHYHD1	0	1	1	1
GJD4	0	1	1	1
TLL2	1	1	1	0
STARD10	0	1	1	1
SMARCD1	0	1	1	1
PTPRB	1	1	1	0
TTC6	1	1	1	0
RAB26	0	1	1	1
MON1B	0	1	1	1
SUZ12	0	1	1	1
RPTOR	1	1	1	0
MTCL1	1	1	1	0
ZNF266	0	1	1	1
PLXNB2	0	1	1	1
CCNB3	0	1	1	1
MED12	0	1	1	1
FAM127B	0	1	1	1
EPHA10	0	1	1	1
S100A3	0	1	1	1
ZNF496	1	1	1	0
IL18R1	0	1	1	1
CAPN7	0	1	1	1
SH2B2	0	1	1	1
AGO2	1	1	1	0
CDK5RAP2	0	1	1	1
PTPA	0	1	1	1
PGGHG	0	1	1	1
ZNF214	1	1	1	0
DPP3	0	1	1	1
CD3E	1	1	1	0
ESAM	0	1	1	1
CPSF3L	1	1	1	0
RSBN1	0	1	1	1
NOTCH2	0	1	1	1
ARNT	1	1	1	0
MSH6	0	1	1	1
MDH1	0	1	1	1
MEIS1	0	1	1	1
LYG2	0	1	1	1
RFX8	0	1	1	1
R3HDM1	0	1	1	1
NDUFS1	0	1	1	1
C2orf83	0	1	1	1
PID1	1	1	1	0
SAG	0	1	1	1
GALNT15	0	1	1	1
CACNA2D3	0	1	1	1
DPPA2	0	1	1	1
PHC3	1	1	1	0
YEATS2	0	1	1	1
NELFA	0	1	1	1
TRIP13	0	1	1	1
SLC23A1	0	1	1	1
NHP2	0	1	1	1
MUT	0	1	1	1
SMPD2	0	1	1	1
SERINC1	0	1	1	1
GRIFIN	0	1	1	1
ETV1	0	1	1	1
NUDCD3	0	1	1	1
ZNF117	0	1	1	1
ZAN	0	1	1	1
NRCAM	0	1	1	1
KCP	0	1	1	1
KCTD9	0	1	1	1
MCM4	0	1	1	1
NSMAF	0	1	1	1
GGH	0	1	1	1
ZHX1	0	1	1	1
ATAD2	0	1	1	1
OPLAH	0	1	1	1
HSPA5	0	1	1	1
AKR1C1	0	1	1	1
CCAR1	0	1	1	1
ANXA11	1	1	1	0
PLCE1	0	1	1	1
OR4S2	1	1	1	0
OR5D16	1	1	1	0
CTNND1	0	1	1	1
MTMR2	0	1	1	1
GUCY1A2	0	1	1	1
RNF214	0	1	1	1
TMPRSS4	0	1	1	1
SORL1	0	1	1	1
SCN8A	0	1	1	1
RARG	0	1	1	1
ESPL1	0	1	1	1
ESYT1	0	1	1	1
SLC39A5	0	1	1	1
CTDSP2	0	1	1	1
LIN7A	0	1	1	1
ISCU	0	1	1	1
SLC8B1	0	1	1	1
RNF17	0	1	1	1
SLC7A1	0	1	1	1
DOCK9	0	1	1	1
MYH6	0	1	1	1
L2HGDH	0	1	1	1
TXNDC16	0	1	1	1
DACT1	0	1	1	1
GOLGA6L2	1	1	1	0
SPTBN5	0	1	1	1
SPG11	0	1	1	1
TPSD1	0	1	1	1
PDPK1	0	1	1	1
NPIPB4	0	1	1	1
RP11-1094M14.12	0	1	1	1
SYNRG	0	1	1	1
SKAP1	0	1	1	1
CACNA1G	0	1	1	1
AKAP1	0	1	1	1
PRKCA	0	1	1	1
MIB1	0	1	1	1
C18orf8	0	1	1	1
ZNF564	0	1	1	1
SPTBN4	0	1	1	1
PLCB4	0	1	1	1
EFCAB8	0	1	1	1
ZNF831	0	1	1	1
CH507-9B2.1	0	1	1	1
MX1	0	1	1	1
CECR1	0	1	1	1
RSPH14	0	1	1	1
IL1RAPL1	0	1	1	1
SLC25A5	1	1	1	0
AIFM1	0	1	1	1
STK26	0	1	1	1
GPR153	0	1	1	1
EIF3I	0	1	1	1
TPO	1	1	1	0
PLEKHB2	0	1	1	1
TUBB2B	1	1	1	0
SYNE1	0	1	1	1
MRPS17	1	1	1	0
ASAH1	0	1	1	1
PTGES2	0	1	1	1
COL5A1	1	1	1	0
SPTY2D1	0	1	1	1
ARNTL2	0	1	1	1
AC004381.6	1	1	1	0
KCNG1	1	1	1	0
KB-67B5.12	1	1	1	0
DRG1	1	1	1	0
CFHR1	1	1	1	0
SPTAN1	0	1	1	1
PLPP4	0	1	1	1
SLCO1B1	0	1	1	1
CYP11A1	0	1	1	1
ACLY	0	1	1	1
EHD2	0	1	1	1
MMEL1	0	1	1	1
RASGEF1C	1	1	1	0
TAAR8	0	1	1	1
DYNC1I1	1	1	1	0
KEL	0	1	1	1
NPAT	1	1	1	0
CCDC88C	1	1	1	0
ZNF283	0	1	1	1
UBE2J2	0	1	1	1
NPHP4	0	1	1	1
PEX14	0	1	1	1
PRAMEF11	0	1	1	1
UBR4	0	1	1	1
AKR7A3	0	1	1	1
MINOS1	0	1	1	1
EIF4G3	0	1	1	1
RUNX3	0	1	1	1
AHDC1	1	1	1	0
RPA2	0	1	1	1
SRSF4	0	1	1	1
RBBP4	0	1	1	1
AGO3	0	1	1	1
UROD	0	1	1	1
HOOK1	0	1	1	1
DOCK7	0	1	1	1
CHI3L2	0	1	1	1
VTCN1	0	1	1	1
SEC22B	0	1	1	1
ITGA10	0	1	1	1
TXNIP	0	1	1	1
PLEKHO1	0	1	1	1
POGZ	0	1	1	1
EFNA4	0	1	1	1
INSRR	0	1	1	1
SPTA1	0	1	1	1
CCDC190	0	1	1	1
CENPL	0	1	1	1
SMG7	0	1	1	1
KIF21B	0	1	1	1
PLXNA2	0	1	1	1
TRAF5	0	1	1	1
ZC3H11B	0	1	1	1
EPRS	0	1	1	1
SNTG2	0	1	1	1
ATP6V1C2	0	1	1	1
FKBP1B	0	1	1	1
ABHD1	0	1	1	1
C2orf16	0	1	1	1
ABCG5	0	1	1	1
NRXN1	0	1	1	1
CCDC88A	0	1	1	1
KIAA1841	0	1	1	1
ACTG2	0	1	1	1
EIF5B	0	1	1	1
SULT1C2	0	1	1	1
NCKAP1	0	1	1	1
NBEAL1	0	1	1	1
ZNF142	0	1	1	1
ALPI	0	1	1	1
ITPR1	0	1	1	1
NGLY1	0	1	1	1
LARS2	0	1	1	1
PTPN23	0	1	1	1
ATRIP	0	1	1	1
RBM6	0	1	1	1
ITIH1	0	1	1	1
FLNB	0	1	1	1
ACOX2	0	1	1	1
PDZRN3	0	1	1	1
ARL13B	0	1	1	1
NIT2	0	1	1	1
BBX	0	1	1	1
IL20RB	0	1	1	1
CPB1	0	1	1	1
FNDC3B	0	1	1	1
ABCC5	0	1	1	1
CLCN2	1	1	1	0
HRASLS	0	1	1	1
PCDH7	0	1	1	1
ZAR1	0	1	1	1
CDS1	0	1	1	1
PPP3CA	0	1	1	1
CISD2	0	1	1	1
TBCK	0	1	1	1
ZGRF1	0	1	1	1
ELF2	0	1	1	1
PDGFC	0	1	1	1
FASTKD3	0	1	1	1
OXCT1	0	1	1	1
DDX4	0	1	1	1
ADGRV1	0	1	1	1
SLF1	0	1	1	1
PAM	0	1	1	1
EPB41L4A	0	1	1	1
HSD17B4	0	1	1	1
SRFBP1	0	1	1	1
CEP120	0	1	1	1
KDM3B	0	1	1	1
PCDHGA12	0	1	1	1
HDAC3	0	1	1	1
CYFIP2	0	1	1	1
HMMR	0	1	1	1
FGFR4	0	1	1	1
BTNL8	0	1	1	1
PHACTR1	0	1	1	1
KIF13A	0	1	1	1
HIST1H2AG	0	1	1	1
MDC1	0	1	1	1
GPSM3	1	1	1	0
TMEM63B	0	1	1	1
RUNX2	0	1	1	1
MRAP2	0	1	1	1
GABRR1	0	1	1	1
HACE1	0	1	1	1
TRAF3IP2	0	1	1	1
RP3-403A15.5	0	1	1	1
ADGB	0	1	1	1
CCDC170	0	1	1	1
PHF10	0	1	1	1
CCZ1	0	1	1	1
VWDE	0	1	1	1
ZNF273	0	1	1	1
WBSCR22	0	1	1	1
MAGI2	0	1	1	1
AKAP9	0	1	1	1
CALCR	0	1	1	1
PON1	0	1	1	1
BMT2	0	1	1	1
WNT2	0	1	1	1
METTL2B	0	1	1	1
CALU	0	1	1	1
FLNC	0	1	1	1
CEP41	0	1	1	1
TRPV6	0	1	1	1
TCAF2	0	1	1	1
CHPF2	0	1	1	1
CLN8	0	1	1	1
ATP6V1B2	0	1	1	1
NUGGC	0	1	1	1
ASH2L	0	1	1	1
PLEKHA2	0	1	1	1
CHRNB3	0	1	1	1
PENK	0	1	1	1
UBE2W	0	1	1	1
RUNX1T1	0	1	1	1
EMC2	0	1	1	1
NDUFB9	0	1	1	1
WDR97	0	1	1	1
DMRTA1	0	1	1	1
HINT2	0	1	1	1
GNE	0	1	1	1
NMRK1	0	1	1	1
SEMA4D	0	1	1	1
FRRS1L	0	1	1	1
SUSD1	0	1	1	1
DPP7	0	1	1	1
NDOR1	0	1	1	1
HPS6	0	1	1	1
EBF3	0	1	1	1
EPS8L2	0	1	1	1
SMPD1	0	1	1	1
AMPD3	0	1	1	1
LDHA	0	1	1	1
MS4A10	0	1	1	1
PACS1	0	1	1	1
SYT12	0	1	1	1
DGAT2	0	1	1	1
FAM181B	0	1	1	1
FZD4	0	1	1	1
KDELC2	0	1	1	1
ABCG4	0	1	1	1
TMEM136	0	1	1	1
SNX19	0	1	1	1
CERS5	0	1	1	1
PCBP2	0	1	1	1
LRP1	0	1	1	1
MON2	0	1	1	1
PPM1H	0	1	1	1
TMEM5	0	1	1	1
PTPRQ	0	1	1	1
UBE2N	0	1	1	1
METAP2	0	1	1	1
SLC17A8	0	1	1	1
KIAA1033	0	1	1	1
CORO1C	0	1	1	1
CABP1	0	1	1	1
ANAPC5	0	1	1	1
BCL7A	0	1	1	1
SBNO1	0	1	1	1
DNAH10	0	1	1	1
ATP8A2	0	1	1	1
UCHL3	0	1	1	1
LIG4	0	1	1	1
COL4A2	0	1	1	1
MCF2L	0	1	1	1
TFDP1	0	1	1	1
HNRNPC	0	1	1	1
AL136419.6	0	1	1	1
MIS18BP1	0	1	1	1
SPTB	0	1	1	1
GPX2	0	1	1	1
EXD2	0	1	1	1
SEL1L	0	1	1	1
XRCC3	0	1	1	1
CHRM5	0	1	1	1
STRC	0	1	1	1
PIAS1	0	1	1	1
FAM174B	0	1	1	1
TARSL2	0	1	1	1
NPRL3	0	1	1	1
CCDC154	0	1	1	1
SYNGR3	0	1	1	1
ZSCAN32	0	1	1	1
CLUAP1	0	1	1	1
SDR42E2	0	1	1	1
EARS2	0	1	1	1
ATXN2L	0	1	1	1
ZNF48	0	1	1	1
TGFB1I1	0	1	1	1
RPGRIP1L	0	1	1	1
CES3	0	1	1	1
PLCG2	0	1	1	1
MBTPS1	0	1	1	1
P2RX1	0	1	1	1
ZZEF1	0	1	1	1
CLEC10A	0	1	1	1
MYH13	0	1	1	1
TRPV2	0	1	1	1
MYO18A	0	1	1	1
TP53I13	0	1	1	1
ARL5C	0	1	1	1
GPATCH8	0	1	1	1
GFAP	0	1	1	1
CLTC	0	1	1	1
MED13	0	1	1	1
TANC2	0	1	1	1
SLC39A11	0	1	1	1
GGA3	0	1	1	1
DNAH17	0	1	1	1
AATK	0	1	1	1
ZNF750	0	1	1	1
PPP4R1	0	1	1	1
SEH1L	0	1	1	1
RP11-322E11.6	0	1	1	1
SLC14A2	0	1	1	1
PIGN	0	1	1	1
UHRF1	0	1	1	1
RANBP3	0	1	1	1
TNFSF14	0	1	1	1
EPOR	0	1	1	1
WIZ	0	1	1	1
KLF2	0	1	1	1
CALR3	0	1	1	1
MVB12A	0	1	1	1
COLGALT1	0	1	1	1
VSTM2B	0	1	1	1
ATP4A	0	1	1	1
TOMM40	0	1	1	1
MARK4	0	1	1	1
SYMPK	0	1	1	1
CEACAM18	1	1	1	0
SIGLEC6	0	1	1	1
ZNF528	0	1	1	1
MYADM	0	1	1	1
LILRB5	0	1	1	1
IDH3B	0	1	1	1
RASSF2	0	1	1	1
RIN2	0	1	1	1
PIGU	0	1	1	1
VSTM2L	0	1	1	1
CTSA	0	1	1	1
PLTP	0	1	1	1
NCOA3	0	1	1	1
APCDD1L	0	1	1	1
DGCR2	0	1	1	1
HIRA	0	1	1	1
FBXO7	0	1	1	1
APOL3	0	1	1	1
CACNA1I	0	1	1	1
SLC25A17	0	1	1	1
KIAA1644	0	1	1	1
DENND6B	0	1	1	1
BCOR	0	1	1	1
PDZD11	0	1	1	1
KIAA1210	0	1	1	1
MAP7D3	0	1	1	1
MCF2	0	1	1	1
FCGR2C	0	1	1	1
QSOX1	0	1	1	1
ABCB10	0	1	1	1
GIGYF2	0	1	1	1
FAM208A	0	1	1	1
GPRIN3	0	1	1	1
POM121L2	0	1	1	1
VGF	0	1	1	1
RIC1	1	1	1	0
USP47	1	1	1	0
OR6M1	0	1	1	1
KIF5A	0	1	1	1
BORA	0	1	1	1
LRRC9	1	1	1	0
TCF12	1	1	1	0
ALOX12B	0	1	1	1
UBA2	0	1	1	1
KIAA2022	0	1	1	1
NVL	0	1	1	1
TPRKB	0	1	1	1
FREM3	0	1	1	1
CRISP3	0	1	1	1
ANO4	0	1	1	1
TMEM179	0	1	1	1
E4F1	0	1	1	1
THOP1	0	1	1	1
HFM1	1	1	1	0
SETDB1	0	1	1	1
INTS3	0	1	1	1
EIF2D	1	1	1	0
NFU1	0	1	1	1
FYCO1	0	1	1	1
PCNP	0	1	1	1
ERICH1	0	1	1	1
GLE1	0	1	1	1
NPDC1	1	1	1	0
ANKRD30A	0	1	1	1
FRA10AC1	0	1	1	1
KLRC1	0	1	1	1
DLST	0	1	1	1
SNX1	0	1	1	1
SHCBP1	0	1	1	1
GEMIN4	0	1	1	1
KRBA2	1	1	1	0
FBXO15	0	1	1	1
SLC5A5	0	1	1	1
DDX49	0	1	1	1
LAIR1	0	1	1	1
KCNK15	0	1	1	1
UTP14A	0	1	1	1
SCLT1	0	1	1	1
ADAM29	0	1	1	1
TINAG	0	1	1	1
ZNF679	0	1	1	1
CCDC166	0	1	1	1
DGAT1	0	1	1	1
CFAP46	0	1	1	1
CCDC63	0	1	1	1
KATNBL1	0	1	1	1
ELP5	0	1	1	1
ANKRD12	0	1	1	1
DNMT3L	0	1	1	1
SCARF2	0	1	1	1
FRMPD4	0	1	1	1
RNF8	0	1	1	1
PADI4	0	1	1	1
AKR7L	0	1	1	1
ADGRB2	0	1	1	1
CYP4A11	0	1	1	1
LMO4	0	1	1	1
AP4B1	0	1	1	1
HYDIN2	0	1	1	1
IQGAP3	0	1	1	1
ATP1B1	0	1	1	1
SEC16B	0	1	1	1
CACNA1E	0	1	1	1
DHX9	0	1	1	1
COLGALT2	0	1	1	1
TAF1B	0	1	1	1
RRM2	0	1	1	1
WDR35	0	1	1	1
DNMT3A	0	1	1	1
EML6	0	1	1	1
FANCL	0	1	1	1
EXOC6B	0	1	1	1
FER1L5	0	1	1	1
FOXD4L1	0	1	1	1
SMPD4	1	1	1	0
RIF1	0	1	1	1
KCNH7	0	1	1	1
CFLAR	0	1	1	1
CARF	0	1	1	1
ABCA12	0	1	1	1
AAMP	0	1	1	1
PNKD	0	1	1	1
CHPF	0	1	1	1
ATP2B2	0	1	1	1
KAT2B	0	1	1	1
TRANK1	0	1	1	1
GOLGA4	0	1	1	1
WDR48	0	1	1	1
ZNF589	0	1	1	1
PPP4R2	0	1	1	1
WWTR1	0	1	1	1
TP63	0	1	1	1
WDR1	0	1	1	1
CHRNA9	0	1	1	1
USP46	0	1	1	1
KIT	0	1	1	1
KDR	0	1	1	1
EXOC1	0	1	1	1
GC	0	1	1	1
MTHFD2L	0	1	1	1
HERC6	0	1	1	1
PCDH10	0	1	1	1
DCHS2	0	1	1	1
OTULIN	0	1	1	1
STARD4	1	1	1	0
RANBP17	0	1	1	1
PSORS1C1	1	1	1	0
SPATS1	0	1	1	1
UST	0	1	1	1
ZNF316	0	1	1	1
THSD7A	0	1	1	1
HDAC9	0	1	1	1
GHRHR	0	1	1	1
ZNF733P	0	1	1	1
PTPN12	0	1	1	1
SPDYE3	0	1	1	1
DLD	0	1	1	1
DOCK4	0	1	1	1
DGKI	0	1	1	1
VIPR2	0	1	1	1
RPL7	0	1	1	1
AZIN1	0	1	1	1
CYHR1	0	1	1	1
NFIB	1	1	1	0
ZCCHC6	0	1	1	1
PTCH1	0	1	1	1
SLC2A8	0	1	1	1
TSC1	0	1	1	1
KIAA1217	0	1	1	1
ARHGAP21	0	1	1	1
RBM20	0	1	1	1
TRIM3	0	1	1	1
MYRF	0	1	1	1
LRTOMT	0	1	1	1
CAPN5	0	1	1	1
CLNS1A	0	1	1	1
CNTN5	0	1	1	1
SIK3	0	1	1	1
ATN1	0	1	1	1
PTPRO	0	1	1	1
MYO1A	0	1	1	1
BEST3	0	1	1	1
CFAP54	0	1	1	1
UHRF1BP1L	0	1	1	1
NT5DC3	0	1	1	1
ATXN2	0	1	1	1
FAM124A	0	1	1	1
SOX21	0	1	1	1
PLEKHG3	0	1	1	1
C14orf159	0	1	1	1
RIN3	0	1	1	1
IGHGP	1	1	1	0
FBN1	0	1	1	1
CEP152	0	1	1	1
ULK3	0	1	1	1
FBXO22	0	1	1	1
ACSBG1	0	1	1	1
NTRK3	0	1	1	1
MRPS11	0	1	1	1
BLM	0	1	1	1
C16orf89	0	1	1	1
SEZ6L2	0	1	1	1
HP	0	1	1	1
KLHDC4	0	1	1	1
RAP1GAP2	0	1	1	1
WSCD1	0	1	1	1
LAMA1	0	1	1	1
ZNF236	0	1	1	1
CBARP	0	1	1	1
PNPLA6	0	1	1	1
ZNF254	0	1	1	1
GPI	0	1	1	1
CAPN12	0	1	1	1
LILRA1	1	1	1	0
CPXM1	0	1	1	1
DNMT3B	0	1	1	1
PHF20	1	1	1	0
PREX1	0	1	1	1
ADAMTS1	0	1	1	1
URB1	0	1	1	1
FAM109B	0	1	1	1
MPPED1	0	1	1	1
KDM5C	0	1	1	1
MORC4	0	1	1	1
CHRDL1	0	1	1	1
SYT6	0	1	1	1
EIF2A	0	1	1	1
LMBRD2	0	1	1	1
E2F3	0	1	1	1
FRK	0	1	1	1
AC090154.1	0	1	1	1
C9orf47	1	1	1	0
PNPLA7	0	1	1	1
WDFY4	0	1	1	1
BICC1	0	1	1	1
PTPRE	0	1	1	1
RFC5	0	1	1	1
COQ5	0	1	1	1
GNPTG	0	1	1	1
OR7G3	0	1	1	1
PDE4C	1	1	1	0
MRPL40	0	1	1	1
PHACTR4	0	1	1	1
HFE2	1	1	1	0
CDKN2AIP	0	1	1	1
FLT4	0	1	1	1
RWDD2A	0	1	1	1
FBXO25	0	1	1	1
ARFGEF1	1	1	1	0
EML3	1	1	1	0
NEK3	0	1	1	1
SALL3	1	1	1	0
ZNF790	0	1	1	1
RBM12	1	1	1	0
CAMSAP2	1	1	1	0
ANKRD17	0	1	1	1
NPNT	0	1	1	1
ANAPC10	0	1	1	1
OXR1	0	1	1	1
ADAMTS18	0	1	1	1
USP43	0	1	1	1
ACOX1	0	1	1	1
CYP2B6	1	1	1	0
ZNF616	0	1	1	1
TNFRSF18	0	1	1	1
PLOD1	0	1	1	1
RHCE	0	1	1	1
ZRANB2	0	1	1	1
MOV10	0	1	1	1
PPM1J	0	1	1	1
YY1AP1	0	1	1	1
CD5L	0	1	1	1
NOS1AP	0	1	1	1
CTSE	0	1	1	1
RCOR3	0	1	1	1
MIXL1	0	1	1	1
LYST	0	1	1	1
HEATR1	0	1	1	1
NBAS	1	1	1	0
VPS54	0	1	1	1
FBXO48	0	1	1	1
ANXA4	0	1	1	1
TMEM182	0	1	1	1
SLC25A12	0	1	1	1
C2orf80	0	1	1	1
UNC80	0	1	1	1
CFAP65	0	1	1	1
CROCC2	0	1	1	1
ITGA9	0	1	1	1
ULK4	0	1	1	1
TOPAZ1	0	1	1	1
ALS2CL	0	1	1	1
WDR6	0	1	1	1
CLSTN2	0	1	1	1
HTR3C	0	1	1	1
FAM131A	0	1	1	1
RNF212	0	1	1	1
ARAP2	0	1	1	1
KLB	0	1	1	1
TMEM150C	0	1	1	1
PRDM5	0	1	1	1
DDX60L	0	1	1	1
CMBL	0	1	1	1
RAI14	0	1	1	1
NIPBL	0	1	1	1
C5orf42	0	1	1	1
ZNF131	1	1	1	0
XRCC4	0	1	1	1
PROB1	0	1	1	1
PCDHGA2	0	1	1	1
C6orf52	0	1	1	1
TULP1	0	1	1	1
KIAA1586	0	1	1	1
RGS17	0	1	1	1
CRHR2	0	1	1	1
AMPH	0	1	1	1
ELN	0	1	1	1
PILRB	0	1	1	1
KMT2E	0	1	1	1
MET	0	1	1	1
AC018638.1	0	1	1	1
NDUFB2	0	1	1	1
EZH2	0	1	1	1
LMBR1	0	1	1	1
TAF2	0	1	1	1
RP11-146B14.1	0	1	1	1
FREM1	0	1	1	1
IFT74	0	1	1	1
C9orf24	0	1	1	1
PHF2	0	1	1	1
CNTRL	0	1	1	1
RP11-229P13.27	0	1	1	1
NCOA4	0	1	1	1
FAM170B	0	1	1	1
SLC16A12	0	1	1	1
DNMBP-AS1	0	1	1	1
GBF1	0	1	1	1
INPP5F	0	1	1	1
HBD	0	1	1	1
AHNAK	0	1	1	1
GANAB	0	1	1	1
NAALADL1	0	1	1	1
GDPD5	0	1	1	1
C11orf70	0	1	1	1
CLEC12B	0	1	1	1
TMBIM4	0	1	1	1
CCDC38	0	1	1	1
MYO1H	1	1	1	0
FBXO21	0	1	1	1
AL354828.2	0	1	1	1
JPH4	0	1	1	1
ADCY4	0	1	1	1
LTBP2	0	1	1	1
GSTZ1	0	1	1	1
IGDCC3	1	1	1	0
TM6SF1	0	1	1	1
FURIN	0	1	1	1
CRAMP1	0	1	1	1
PRRT2	0	1	1	1
CHD9	0	1	1	1
ZFHX3	0	1	1	1
DYNLRB2	0	1	1	1
ELAC2	0	1	1	1
SUPT6H	0	1	1	1
PHF12	0	1	1	1
MYO19	0	1	1	1
GJD3	0	1	1	1
KRT26	0	1	1	1
PSMC3IP	0	1	1	1
MBTD1	0	1	1	1
SCN4A	0	1	1	1
TBC1D16	0	1	1	1
TTC39C	0	1	1	1
ALPK2	0	1	1	1
EEF2	1	1	1	0
CC2D1A	0	1	1	1
RPL18A	0	1	1	1
SLC7A10	0	1	1	1
ZNF793	0	1	1	1
IFNL4	0	1	1	1
KLC3	0	1	1	1
GLTSCR1	0	1	1	1
GDAP1L1	0	1	1	1
PCNT	0	1	1	1
EWSR1	0	1	1	1
FAM9A	0	1	1	1
PHEX	0	1	1	1
MAGIX	1	1	1	0
EPHA8	0	1	1	1
KIAA1522	0	1	1	1
DLGAP3	0	1	1	1
ECHDC2	0	1	1	1
FAM151A	1	1	1	0
TYW3	0	1	1	1
TTLL7	0	1	1	1
ADAMTSL4	0	1	1	1
C1orf189	0	1	1	1
MSTO1	0	1	1	1
ATP1A4	0	1	1	1
RXRG	0	1	1	1
ADCY10	0	1	1	1
NME7	0	1	1	1
ITPKB	0	1	1	1
EXO1	0	1	1	1
RBKS	0	1	1	1
SFTPB	0	1	1	1
GPD2	0	1	1	1
ITGA6	0	1	1	1
RFTN2	0	1	1	1
BMPR2	0	1	1	1
RUFY4	0	1	1	1
UGT1A10	0	1	1	1
ZNF385D	0	1	1	1
ENTPD3	0	1	1	1
LTF	1	1	1	0
CCDC66	0	1	1	1
ABI3BP	0	1	1	1
RP11-723O4.6	0	1	1	1
ACPP	0	1	1	1
ECE2	0	1	1	1
KLHL5	0	1	1	1
LIMCH1	0	1	1	1
HNRNPD	0	1	1	1
HPSE	0	1	1	1
EDNRA	0	1	1	1
GATB	0	1	1	1
WDR55	0	1	1	1
PPARGC1B	0	1	1	1
TCOF1	0	1	1	1
KIF4B	0	1	1	1
CUL7	0	1	1	1
PKHD1	0	1	1	1
DST	0	1	1	1
IL20RA	0	1	1	1
FRMD1	0	1	1	1
INTS1	0	1	1	1
TMEM106B	0	1	1	1
VPS41	0	1	1	1
PKD1L1	0	1	1	1
ABCA13	0	1	1	1
TYW1B	0	1	1	1
ANKIB1	0	1	1	1
CDK6	0	1	1	1
LMTK2	0	1	1	1
ZSCAN21	0	1	1	1
CBLL1	0	1	1	1
CTTNBP2	0	1	1	1
COPG2	0	1	1	1
GOLGA7	0	1	1	1
DPY19L4	0	1	1	1
POLR2K	0	1	1	1
LRP12	0	1	1	1
EEF1D	0	1	1	1
NTRK2	0	1	1	1
TDRD7	0	1	1	1
PLPP7	0	1	1	1
PALD1	0	1	1	1
INPP5A	0	1	1	1
CSRP3	0	1	1	1
ARFGAP2	0	1	1	1
CAPN1	0	1	1	1
SLC29A2	0	1	1	1
ARHGEF17	0	1	1	1
MYO7A	0	1	1	1
MMP7	0	1	1	1
KMT2A	0	1	1	1
VWF	0	1	1	1
FAM90A1	0	1	1	1
KLRC4	0	1	1	1
PPFIBP1	0	1	1	1
TMEM106C	0	1	1	1
OR8S1	0	1	1	1
SLC4A8	0	1	1	1
ACACB	0	1	1	1
TBC1D4	0	1	1	1
TRAV13-1	0	1	1	1
CDH24	0	1	1	1
REC8	0	1	1	1
UNC79	0	1	1	1
RAB11A	0	1	1	1
WDR90	0	1	1	1
NAA60	0	1	1	1
RRAD	0	1	1	1
PELP1	0	1	1	1
LPO	0	1	1	1
TBX4	0	1	1	1
UNC13D	0	1	1	1
SMCHD1	0	1	1	1
CCDC178	0	1	1	1
LOXHD1	0	1	1	1
ANKRD24	0	1	1	1
ACER1	0	1	1	1
ZNF98	1	1	1	0
GPATCH1	0	1	1	1
KIR2DS4	1	1	1	0
RIPK4	0	1	1	1
TFF3	0	1	1	1
RGL4	0	1	1	1
MTMR3	0	1	1	1
TRIOBP	0	1	1	1
SUN2	0	1	1	1
ZDHHC15	0	1	1	1
STAG2	0	1	1	1
SH2D1A	0	1	1	1
TNS1	1	1	1	0
C2orf82	0	1	1	1
SEL1L3	0	1	1	1
DTHD1	0	1	1	1
RP11-231C18.3	0	1	1	1
TMEM192	0	1	1	1
ANKHD1	1	1	1	0
ICK	0	1	1	1
FAM188B	0	1	1	1
TTC26	0	1	1	1
HR	1	1	1	0
CNTNAP3	0	1	1	1
SIGIRR	0	1	1	1
BARX2	0	1	1	1
RAD51C	0	1	1	1
THOC2	1	1	1	0
IDH3G	0	1	1	1
RPL10	0	1	1	1
RSRC1	1	1	1	0
NAF1	1	1	1	0
FAM86B1	0	1	1	1
PUS7L	1	1	1	0
GLIPR1L1	0	1	1	1
MYH2	1	1	1	0
ANGPTL4	0	1	1	1
LSM14A	1	1	1	0
PLCH2	1	1	1	0
NUF2	0	1	1	1
UMAD1	0	1	1	1
GRB10	1	1	1	0
FRG2B	1	1	1	0
PRB3	0	1	1	1
KIAA0586	1	1	1	0
IGHG1	1	1	1	0
KRTAP9-8	1	1	1	0
GZF1	0	1	1	1
MEGF6	0	1	1	1
UGP2	0	1	1	1
FAP	0	1	1	1
GPR155	0	1	1	1
EPHA4	0	1	1	1
SPATA3	0	1	1	1
CHRD	0	1	1	1
VPS8	1	1	1	0
UGT2A2	0	1	1	1
SFRP2	0	1	1	1
DMXL1	0	1	1	1
NT5E	0	1	1	1
GJA1	0	1	1	1
CNTNAP2	1	1	1	0
ADAMTSL1	0	1	1	1
PRUNE2	1	1	1	0
HMCN2	0	1	1	1
ZSWIM8-AS1	0	1	1	1
PSMC3	0	1	1	1
NCOR2	0	1	1	1
ANKLE2	0	1	1	1
PSPC1	0	1	1	1
G2E3	0	1	1	1
CCNK	0	1	1	1
PPIP5K1	0	1	1	1
RBFOX1	1	1	1	0
FSTL3	0	1	1	1
AKAP8	0	1	1	1
MYO9B	0	1	1	1
CYTH2	0	1	1	1
USP16	0	1	1	1
TIAM1	0	1	1	1
RRP1B	0	1	1	1
ZNF630	0	1	1	1
IGBP1	0	1	1	1
TMEM255A	0	1	1	1
FAM132A	0	1	1	1
SLC27A3	0	1	1	1
KCNS3	0	1	1	1
KIAA2012	0	1	1	1
ZNF717	1	1	1	0
SRA1	0	1	1	1
PLAC8L1	0	1	1	1
OR52N1	0	1	1	1
PMEL	0	1	1	1
MYO15B	0	1	1	1
MUM1	0	1	1	1
F5	1	1	1	0
TNIK	1	1	1	0
NME8	1	1	1	0
RCOR2	0	1	1	1
CES1	1	1	1	0
PARD6B	1	1	1	0
CYP2D7	1	1	1	0
LUZP1	0	1	1	1
CCDC30	0	1	1	1
LRRC7	0	1	1	1
ALS2CR11	0	1	1	1
OGG1	1	1	1	0
NEK10	0	1	1	1
CSPG5	0	1	1	1
ABCB5	0	1	1	1
ZNF727	0	1	1	1
AKR1B15	0	1	1	1
TRBV3-1	0	1	1	1
ZNF212	0	1	1	1
JMJD1C	1	1	1	0
CACTIN	0	1	1	1
GPR108	0	1	1	1
GIPC1	0	1	1	1
OR10H2	0	1	1	1
RBM42	0	1	1	1
NDUFA3	0	1	1	1
CTPS2	0	1	1	1
NXF5	0	1	1	1
MTO1	2	0	2	0
COL13A1	2	0	2	0
CNN2	2	0	2	0
SLC30A6	2	0	2	0
DEPDC5	2	0	2	0
FAM71E2	2	0	2	0
KLHL4	2	0	2	0
GOLGA6L6	2	0	2	0
C19orf25	2	0	2	0
RIMS1	2	0	2	0
FGFR2	2	0	2	0
OR4B1	2	0	2	0
DEUP1	2	0	2	0
RBMX	2	0	2	0
OBSCN	2	0	2	0
IQCF5	1	0	1	0
HBP1	1	0	1	0
SEC23IP	1	0	1	0
GATC	1	0	1	0
RCCD1	1	0	1	0
NSRP1	1	0	1	0
CALCOCO2	1	0	1	0
ATP8B3	1	0	1	0
ZNF554	1	0	1	0
ZNF568	1	0	1	0
NLRP2	1	0	1	0
PSMD10	1	0	1	0
CFAP57	1	0	1	0
AMY1A	1	0	1	0
CRHBP	1	0	1	0
HGSNAT	1	0	1	0
TMEM67	1	0	1	0
RNLS	1	0	1	0
ABCA10	1	0	1	0
SDK1	1	0	1	0
MICU3	1	0	1	0
VPS13A	1	0	1	0
LRP4	1	0	1	0
SNX31	1	0	1	0
TUBGCP5	1	0	1	0
CD22	1	0	1	0
RP11-384K6.6	1	0	1	0
GFPT2	1	0	1	0
CFAP70	1	0	1	0
MBNL1	1	0	1	0
PAPPA	1	0	1	0
RP11-108K14.8	1	0	1	0
NPIPA5	1	0	1	0
PRAMEF2	1	0	1	0
RABIF	1	0	1	0
ZCWPW2	1	0	1	0
SUPV3L1	1	0	1	0
AC008622.1	1	0	1	0
DKKL1	1	0	1	0
MED15	1	0	1	0
SHISA8	1	0	1	0
NFAM1	1	0	1	0
PCDH11X	1	0	1	0
TNFRSF4	1	0	1	0
CHD5	1	0	1	0
ACOT7	1	0	1	0
TMEM56	1	0	1	0
USF1	1	0	1	0
CEP350	1	0	1	0
CAPN8	1	0	1	0
CAD	1	0	1	0
IFT172	1	0	1	0
SPAST	1	0	1	0
DARS	1	0	1	0
HNMT	1	0	1	0
FSIP2	1	0	1	0
SF3B1	1	0	1	0
NBEAL2	1	0	1	0
TMPRSS7	1	0	1	0
EIF4G1	1	0	1	0
HGFAC	1	0	1	0
CENPE	1	0	1	0
AP3S1	1	0	1	0
SHROOM1	1	0	1	0
ARMC2	1	0	1	0
PHACTR2	1	0	1	0
PLG	1	0	1	0
PMS2	1	0	1	0
SNX13	1	0	1	0
HNRNPA2B1	1	0	1	0
SAMD9L	1	0	1	0
STRIP2	1	0	1	0
CSMD3	1	0	1	0
DENND4C	1	0	1	0
PTRH1	1	0	1	0
TAF3	1	0	1	0
LRRC20	1	0	1	0
ZMIZ1	1	0	1	0
AKIP1	1	0	1	0
NELL1	1	0	1	0
DCDC1	1	0	1	0
TMEM109	1	0	1	0
C11orf95	1	0	1	0
DIXDC1	1	0	1	0
USP28	1	0	1	0
SRPRA	1	0	1	0
SLC38A4	1	0	1	0
PRKAB1	1	0	1	0
PAX9	1	0	1	0
TLN2	1	0	1	0
HERC1	1	0	1	0
ADAMTS7	1	0	1	0
UNC45A	1	0	1	0
SEC14L5	1	0	1	0
PRSS36	1	0	1	0
AMFR	1	0	1	0
C17orf97	1	0	1	0
GPR179	1	0	1	0
SPPL2C	1	0	1	0
CCDC57	1	0	1	0
KIAA1468	1	0	1	0
CERS4	1	0	1	0
PLD3	1	0	1	0
ERCC2	1	0	1	0
KIR2DL4	1	0	1	0
SBK2	1	0	1	0
ZNF548	1	0	1	0
CTD-2583A14.9	1	0	1	0
A1BG	1	0	1	0
RALGAPA2	1	0	1	0
GRIK1	1	0	1	0
TMEM50B	1	0	1	0
FLG2	1	0	1	0
TRPM8	1	0	1	0
GABRG1	1	0	1	0
GRM8	1	0	1	0
CCDC7	1	0	1	0
TBCEL	1	0	1	0
MIPOL1	1	0	1	0
RAI1	1	0	1	0
ZNF449	1	0	1	0
TMPRSS5	1	0	1	0
WDR4	1	0	1	0
FAM120C	1	0	1	0
FHAD1	1	0	1	0
RHBDL2	1	0	1	0
NLRP3	1	0	1	0
ARFGEF3	1	0	1	0
NAV2	1	0	1	0
CLEC4C	1	0	1	0
CHPT1	1	0	1	0
RAN	1	0	1	0
SLC22A17	1	0	1	0
KRT39	1	0	1	0
ZNF177	1	0	1	0
TST	1	0	1	0
LCK	1	0	1	0
UTP15	1	0	1	0
HIST1H4E	1	0	1	0
ZNF318	1	0	1	0
NOL8	1	0	1	0
RP11-556N21.1	1	0	1	0
SETDB2	1	0	1	0
MYH8	1	0	1	0
SERPINB4	1	0	1	0
CACNA1B	1	0	1	0
KIR2DP1	1	0	1	0
NFE2L2	1	0	1	0
PPARG	1	0	1	0
TUBB4A	1	0	1	0
PIN4	1	0	1	0
SUMO1	1	0	1	0
FAF2	1	0	1	0
TXNDC5	1	0	1	0
YIPF3	1	0	1	0
ST8SIA6	1	0	1	0
TALDO1	1	0	1	0
AP4S1	1	0	1	0
MLH3	1	0	1	0
ZNF668	1	0	1	0
CNTNAP1	1	0	1	0
OR7E24	1	0	1	0
IL12RB1	1	0	1	0
RRP7A	1	0	1	0
FLNA	1	0	1	0
NUP210	1	0	1	0
SNX25	1	0	1	0
IPO11	1	0	1	0
GDF2	1	0	1	0
EXOC6	1	0	1	0
MPHOSPH9	1	0	1	0
RPS15A	1	0	1	0
KRT38	1	0	1	0
MRPL12	1	0	1	0
STXBP2	1	0	1	0
AC008686.1	1	0	1	0
WNT2B	1	0	1	0
HLA-DRB5	1	0	1	0
TAP2	1	0	1	0
PCLO	1	0	1	0
ERVW-1	1	0	1	0
SLCO5A1	1	0	1	0
DMBT1	1	0	1	0
TNFSF13	1	0	1	0
ERCC6L	1	0	1	0
DFFB	1	0	1	0
THAP3	1	0	1	0
HMGCL	1	0	1	0
EPHX4	1	0	1	0
CCDC18	1	0	1	0
ARHGAP29	1	0	1	0
CASQ2	1	0	1	0
SEMA6C	1	0	1	0
PPP2R5A	1	0	1	0
KIDINS220	1	0	1	0
OTOF	1	0	1	0
SLC5A6	1	0	1	0
RASGRP3	1	0	1	0
RETSAT	1	0	1	0
AC016753.1	1	0	1	0
GLI2	1	0	1	0
AC114783.1	1	0	1	0
ARHGEF4	1	0	1	0
PLA2R1	1	0	1	0
CASP8	1	0	1	0
PARD3B	1	0	1	0
FN1	1	0	1	0
ZNF620	1	0	1	0
LZTFL1	1	0	1	0
PRSS46	1	0	1	0
KCTD6	1	0	1	0
TBC1D14	1	0	1	0
TEC	1	0	1	0
SDAD1	1	0	1	0
SCARB2	1	0	1	0
CCNG2	1	0	1	0
RWDD4	1	0	1	0
GPR150	1	0	1	0
ST8SIA4	1	0	1	0
CDHR2	1	0	1	0
CDKAL1	1	0	1	0
LYRM2	1	0	1	0
MDN1	1	0	1	0
RSPH4A	1	0	1	0
GOPC	1	0	1	0
IL22RA2	1	0	1	0
UTRN	1	0	1	0
TNRC18	1	0	1	0
NPVF	1	0	1	0
COBL	1	0	1	0
ABCB1	1	0	1	0
TRRAP	1	0	1	0
WEE2	1	0	1	0
MGAM2	1	0	1	0
ALG1L13P	1	0	1	0
TRIM55	1	0	1	0
MCMDC2	1	0	1	0
RIMS2	1	0	1	0
FBXO32	1	0	1	0
ASAP1	1	0	1	0
CD274	1	0	1	0
MEP1AP4	1	0	1	0
ZNF462	1	0	1	0
DBH	1	0	1	0
CUBN	1	0	1	0
RET	1	0	1	0
AGAP6	1	0	1	0
MCU	1	0	1	0
TNKS2	1	0	1	0
DNMBP	1	0	1	0
TAF5	1	0	1	0
SORCS3	1	0	1	0
MXI1	1	0	1	0
GPR26	1	0	1	0
FAM196A	1	0	1	0
FAM86GP	1	0	1	0
OR52M1	1	0	1	0
TRIM22	1	0	1	0
TRIM66	1	0	1	0
PLEKHA7	1	0	1	0
RPS13	1	0	1	0
TCP11L1	1	0	1	0
CAT	1	0	1	0
MAPK8IP1	1	0	1	0
OR8J2	1	0	1	0
MAP4K2	1	0	1	0
AP000439.1	1	0	1	0
C2CD3	1	0	1	0
MGST1	1	0	1	0
BCAT1	1	0	1	0
LMNTD1	1	0	1	0
CAPS2	1	0	1	0
ANKS1B	1	0	1	0
NOS1	1	0	1	0
PROZ	1	0	1	0
TRAV10	1	0	1	0
PABPN1	1	0	1	0
GCH1	1	0	1	0
TMEM260	1	0	1	0
PRKCH	1	0	1	0
HIF1A	1	0	1	0
EIF2S1	1	0	1	0
RAD51B	1	0	1	0
TTC9	1	0	1	0
PAPLN	1	0	1	0
SYNE3	1	0	1	0
KLC1	1	0	1	0
PACS2	1	0	1	0
RYR3	1	0	1	0
NUSAP1	1	0	1	0
DTWD1	1	0	1	0
LEO1	1	0	1	0
FAH	1	0	1	0
LRRK1	1	0	1	0
ABAT	1	0	1	0
C16orf62	1	0	1	0
C16orf52	1	0	1	0
IL4R	1	0	1	0
SH2B1	1	0	1	0
CES4A	1	0	1	0
SLC12A4	1	0	1	0
PKD1L2	1	0	1	0
PRPF8	1	0	1	0
MYO15A	1	0	1	0
FKBP10	1	0	1	0
ACBD4	1	0	1	0
GH2	1	0	1	0
NPLOC4	1	0	1	0
PIEZO2	1	0	1	0
EPG5	1	0	1	0
SLC25A23	1	0	1	0
C3	1	0	1	0
FCER2	1	0	1	0
ZNF529	1	0	1	0
ACPT	1	0	1	0
FKBP1A	1	0	1	0
C20orf196	1	0	1	0
HCK	1	0	1	0
SUN5	1	0	1	0
BPIFA1	1	0	1	0
TGM2	1	0	1	0
LSS	1	0	1	0
TTC28	1	0	1	0
ST13	1	0	1	0
MOV10L1	1	0	1	0
VEGFD	1	0	1	0
BEND2	1	0	1	0
IL13RA2	1	0	1	0
RP13-347D8.7	1	0	1	0
SLC9A6	1	0	1	0
AFF2	1	0	1	0
MTMR1	1	0	1	0
TRBV5-5	1	0	1	0
SLAIN1	1	0	1	0
SORBS2	1	0	1	0
PABPC1	1	0	1	0
PKLR	1	0	1	0
DZIP3	1	0	1	0
NKX6-1	1	0	1	0
HLA-B	1	0	1	0
KHDC1	1	0	1	0
KIF5B	1	0	1	0
LINC00452	1	0	1	0
OR4L1	1	0	1	0
DHRS4L2	1	0	1	0
NEUROD2	1	0	1	0
ZNF681	1	0	1	0
COL14A1	1	0	1	0
TONSL	1	0	1	0
PRIM1	1	0	1	0
GOLGA6L10	1	0	1	0
TNFRSF25	1	0	1	0
PTPRU	1	0	1	0
MAP10	1	0	1	0
ZNF692	1	0	1	0
SEPT2	1	0	1	0
GFRA3	1	0	1	0
POPDC3	1	0	1	0
C7orf50	1	0	1	0
TRBV17	1	0	1	0
CCDC171	1	0	1	0
LRIG3	1	0	1	0
CEP290	1	0	1	0
FZD10	1	0	1	0
AEN	1	0	1	0
KRT15	1	0	1	0
EMILIN2	1	0	1	0
RAVER1	1	0	1	0
SMIM7	1	0	1	0
MYH14	1	0	1	0
KIR3DL3	1	0	1	0
UBA1	1	0	1	0
RBMXL3	1	0	1	0
MZB1	1	0	1	0
PCDHA4	1	0	1	0
ELAVL2	1	0	1	0
PAAF1	1	0	1	0
PKP2	1	0	1	0
DSG3	1	0	1	0
SERPINB7	1	0	1	0
CTDP1	1	0	1	0
