HLA TYPING	Unnamed: 1	Number of reads supporting HLA-A allele 1	2698
HLA TYPING		Number of reads supporting HLA-A allele 2	2746
HLA TYPING		Number of reads supporting HLA-B allele 1	1358
HLA TYPING		Number of reads supporting HLA-B allele 2	1094
HLA TYPING		Number of reads supporting HLA-C allele 1	1188
HLA TYPING		Number of reads supporting HLA-C allele 2	829
HLA TYPING		Number of reads supporting HLA-DMA allele 1	1323
HLA TYPING		Number of reads supporting HLA-DMA allele 2	1323
HLA TYPING		Number of reads supporting HLA-DMB allele 1	2382
HLA TYPING		Number of reads supporting HLA-DMB allele 2	2382
HLA TYPING		Number of reads supporting HLA-DOA allele 1	1373
HLA TYPING		Number of reads supporting HLA-DOA allele 2	1373
HLA TYPING		Number of reads supporting HLA-DOB allele 1	1324
HLA TYPING		Number of reads supporting HLA-DOB allele 2	1324
HLA TYPING		Number of reads supporting HLA-DPA1 allele 1	1230
HLA TYPING		Number of reads supporting HLA-DPA1 allele 2	1230
HLA TYPING		Number of reads supporting HLA-DPA2 allele 1	56
HLA TYPING		Number of reads supporting HLA-DPA2 allele 2	56
HLA TYPING		Number of reads supporting HLA-DPB1 allele 1	2222
HLA TYPING		Number of reads supporting HLA-DPB1 allele 2	2096
HLA TYPING		Number of reads supporting HLA-DPB2 allele 1	397
HLA TYPING		Number of reads supporting HLA-DPB2 allele 2	397
HLA TYPING		Number of reads supporting HLA-DQA1 allele 1	1818
HLA TYPING		Number of reads supporting HLA-DQA1 allele 2	910
HLA TYPING		Number of reads supporting HLA-DQA2 allele 1	2644
HLA TYPING		Number of reads supporting HLA-DQA2 allele 2	2644
HLA TYPING		Number of reads supporting HLA-DQB1 allele 1	1549
HLA TYPING		Number of reads supporting HLA-DQB1 allele 2	828
HLA TYPING		Number of reads supporting HLA-DQB2 allele 1	1541
HLA TYPING		Number of reads supporting HLA-DQB2 allele 2	1200
HLA TYPING		Number of reads supporting HLA-DRA allele 1	1489
HLA TYPING		Number of reads supporting HLA-DRA allele 2	1283
HLA TYPING		Number of reads supporting HLA-DRB1 allele 1	1723
HLA TYPING		Number of reads supporting HLA-DRB1 allele 2	1295
HLA TYPING		Number of reads supporting HLA-DRB3 allele 1	1129
HLA TYPING		Number of reads supporting HLA-DRB3 allele 2	1129
HLA TYPING		Number of reads supporting HLA-DRB4 allele 1	40
HLA TYPING		Number of reads supporting HLA-DRB4 allele 2	40
HLA TYPING		Number of reads supporting HLA-DRB5 allele 1	2224
HLA TYPING		Number of reads supporting HLA-DRB5 allele 2	2224
HLA TYPING		Number of reads supporting HLA-E allele 1	2502
HLA TYPING		Number of reads supporting HLA-E allele 2	2502
HLA TYPING		Number of reads supporting HLA-F allele 1	1782
HLA TYPING		Number of reads supporting HLA-F allele 2	1713
HLA TYPING		Number of reads supporting HLA-G allele 1	1800
HLA TYPING		Number of reads supporting HLA-G allele 2	1800
HLA TYPING		Number of reads supporting HLA-H allele 1	938
HLA TYPING		Number of reads supporting HLA-H allele 2	1069
HLA TYPING		Number of reads supporting HLA-HFE allele 1	0
HLA TYPING		Number of reads supporting HLA-HFE allele 2	0
HLA TYPING		Number of reads supporting HLA-J allele 1	991
HLA TYPING		Number of reads supporting HLA-J allele 2	991
HLA TYPING		Number of reads supporting HLA-K allele 1	624
HLA TYPING		Number of reads supporting HLA-K allele 2	624
HLA TYPING		Number of reads supporting HLA-L allele 1	482
HLA TYPING		Number of reads supporting HLA-L allele 2	360
HLA TYPING		Number of reads supporting HLA-MICA allele 1	1293
HLA TYPING		Number of reads supporting HLA-MICA allele 2	1073
HLA TYPING		Number of reads supporting HLA-MICB allele 1	1824
HLA TYPING		Number of reads supporting HLA-MICB allele 2	1827
HLA TYPING		Number of reads supporting HLA-N allele 1	15
HLA TYPING		Number of reads supporting HLA-N allele 2	15
HLA TYPING		Number of reads supporting HLA-P allele 1	78
HLA TYPING		Number of reads supporting HLA-P allele 2	78
HLA TYPING		Number of reads supporting HLA-R allele 1	0
HLA TYPING		Number of reads supporting HLA-R allele 2	0
HLA TYPING		Number of reads supporting HLA-S allele 1	34
HLA TYPING		Number of reads supporting HLA-S allele 2	34
HLA TYPING		Number of reads supporting HLA-T allele 1	51
HLA TYPING		Number of reads supporting HLA-T allele 2	42
HLA TYPING		Number of reads supporting HLA-TAP1 allele 1	3660
HLA TYPING		Number of reads supporting HLA-TAP1 allele 2	3660
HLA TYPING		Number of reads supporting HLA-TAP2 allele 1	3179
HLA TYPING		Number of reads supporting HLA-TAP2 allele 2	3179
HLA TYPING		Number of reads supporting HLA-U allele 1	78
HLA TYPING		Number of reads supporting HLA-U allele 2	64
HLA TYPING		Number of reads supporting HLA-V allele 1	129
HLA TYPING		Number of reads supporting HLA-V allele 2	129
HLA TYPING		Number of reads supporting HLA-W allele 1	165
HLA TYPING		Number of reads supporting HLA-W allele 2	156
HLA TYPING		Number of reads supporting HLA-Y allele 1	39
HLA TYPING		Number of reads supporting HLA-Y allele 2	39
HLA TYPING		Total number of HLA reads	57703
